fold,test_season,feature,importance,rank
1,2023-24,home_elo_expected,0.07223273593432968,1
1,2023-24,away_elo_expected,0.07016515249528696,2
1,2023-24,elo_difference,0.06897174319555384,3
1,2023-24,home_elo,0.05708071463051394,4
1,2023-24,away_elo,0.048829453645761293,5
1,2023-24,away_season_points_before_match,0.034474968769292624,6
1,2023-24,home_last_5_goal_difference,0.03368157470974427,7
1,2023-24,home_venue_last_5_goal_difference,0.02948362009748803,8
1,2023-24,home_season_points_before_match,0.029302239009266397,9
1,2023-24,away_venue_last_5_goal_difference,0.028588341586400022,10
1,2023-24,away_last_5_goal_difference,0.0280420189338727,11
1,2023-24,away_venue_last_5_goals_against,0.027007267892957775,12
1,2023-24,away_season_matches_before_match,0.026331736240769853,13
1,2023-24,home_season_matches_before_match,0.02575647921608712,14
1,2023-24,home_venue_last_5_goals_for,0.025055541001626543,15
1,2023-24,home_last_5_goals_for,0.025008939213462325,16
1,2023-24,away_last_5_goals_for,0.024487456725308762,17
1,2023-24,home_venue_last_5_goals_against,0.023792416095406662,18
1,2023-24,home_last_5_goals_against,0.02376197484576676,19
1,2023-24,away_rest_days,0.02245941073009697,20
1,2023-24,away_last_5_goals_against,0.022106390706463204,21
1,2023-24,home_last_5_points,0.02203314976977268,22
1,2023-24,home_venue_last_5_points,0.020436148862530302,23
1,2023-24,home_rest_days,0.019881345979876123,24
1,2023-24,away_venue_last_5_goals_for,0.019807052139160383,25
1,2023-24,away_venue_last_5_points,0.019805487138996426,26
1,2023-24,away_last_5_points,0.01800003469948818,27
1,2023-24,away_last_5_draws,0.012166078543170342,28
1,2023-24,home_last_5_losses,0.012048396552761293,29
1,2023-24,away_venue_last_5_losses,0.01106796502848193,30
1,2023-24,home_venue_last_5_wins,0.011063315766444147,31
1,2023-24,home_venue_last_5_losses,0.010887445180973544,32
1,2023-24,home_venue_last_5_draws,0.010824831917578406,33
1,2023-24,home_last_5_draws,0.010299418840595438,34
1,2023-24,away_venue_last_5_draws,0.010043448368836874,35
1,2023-24,away_last_5_losses,0.009704886189172665,36
1,2023-24,away_venue_last_5_wins,0.009567158264593428,37
1,2023-24,away_last_5_wins,0.009297916359738879,38
1,2023-24,home_last_5_wins,0.009144316063547786,39
1,2023-24,home_venue_matches_available_last_5,0.002684342003849921,40
1,2023-24,away_venue_matches_available_last_5,0.0024507913342691197,41
1,2023-24,home_matches_available_last_5,0.001300919317709198,42
1,2023-24,away_matches_available_last_5,0.0008653760029971125,43
2,2024-25,away_elo_expected,0.07637096357284981,1
2,2024-25,elo_difference,0.07563742260496334,2
2,2024-25,home_elo_expected,0.0732547697244279,3
2,2024-25,home_elo,0.06397071730478768,4
2,2024-25,away_elo,0.04847944324335451,5
2,2024-25,away_season_points_before_match,0.032012492004650006,6
2,2024-25,home_last_5_goal_difference,0.0310884311483039,7
2,2024-25,home_season_points_before_match,0.030021494880220365,8
2,2024-25,away_venue_last_5_goal_difference,0.029532536566089305,9
2,2024-25,home_venue_last_5_goals_for,0.029080172668669392,10
2,2024-25,home_venue_last_5_goal_difference,0.028674120970442248,11
2,2024-25,away_last_5_goal_difference,0.02695932741886202,12
2,2024-25,away_venue_last_5_goals_against,0.0253581390964158,13
2,2024-25,away_season_matches_before_match,0.02477853290337924,14
2,2024-25,home_last_5_goals_for,0.024281158122969403,15
2,2024-25,home_last_5_goals_against,0.023272592049990562,16
2,2024-25,home_season_matches_before_match,0.023105785684439925,17
2,2024-25,away_last_5_goals_for,0.022396325774469893,18
2,2024-25,away_rest_days,0.0223758276672042,19
2,2024-25,home_venue_last_5_goals_against,0.021544538430981707,20
2,2024-25,home_last_5_points,0.021396813010650172,21
2,2024-25,home_venue_last_5_points,0.020689266936429297,22
2,2024-25,away_last_5_goals_against,0.02042740041959123,23
2,2024-25,home_rest_days,0.020392450146362942,24
2,2024-25,away_venue_last_5_goals_for,0.019264877646881416,25
2,2024-25,away_venue_last_5_points,0.0192360638608405,26
2,2024-25,away_last_5_points,0.01881899486031336,27
2,2024-25,home_last_5_wins,0.011607705283574634,28
2,2024-25,away_venue_last_5_losses,0.01109352358783714,29
2,2024-25,home_venue_last_5_wins,0.011004764955403612,30
2,2024-25,home_venue_last_5_draws,0.011002897758659617,31
2,2024-25,away_last_5_draws,0.010201003928210878,32
2,2024-25,home_last_5_losses,0.010110849237122221,33
2,2024-25,away_venue_last_5_draws,0.010033872427146437,34
2,2024-25,away_last_5_wins,0.009741156835694006,35
2,2024-25,home_venue_last_5_losses,0.009526951145764177,36
2,2024-25,away_last_5_losses,0.008883531200778047,37
2,2024-25,home_last_5_draws,0.008858567246103248,38
2,2024-25,away_venue_last_5_wins,0.008649844754799258,39
2,2024-25,home_venue_matches_available_last_5,0.002927027402149696,40
2,2024-25,away_venue_matches_available_last_5,0.0019371784640238039,41
2,2024-25,home_matches_available_last_5,0.0013153718063076572,42
2,2024-25,away_matches_available_last_5,0.0006850952478854404,43
3,2025-26,elo_difference,0.07997966172812819,1
3,2025-26,home_elo_expected,0.078411556557998,2
3,2025-26,away_elo_expected,0.07730240395653588,3
3,2025-26,home_elo,0.06708513386358513,4
3,2025-26,away_elo,0.047971648950852555,5
3,2025-26,home_season_points_before_match,0.031843100354340126,6
3,2025-26,away_season_points_before_match,0.031080142939624734,7
3,2025-26,home_last_5_goal_difference,0.02826164422845472,8
3,2025-26,home_venue_last_5_goal_difference,0.02794896665782938,9
3,2025-26,away_venue_last_5_goal_difference,0.026094615902849023,10
3,2025-26,away_last_5_goal_difference,0.02609301448743221,11
3,2025-26,home_venue_last_5_goals_for,0.02606046700148163,12
3,2025-26,away_season_matches_before_match,0.025823171242032546,13
3,2025-26,home_season_matches_before_match,0.024242679943912,14
3,2025-26,away_venue_last_5_goals_against,0.02364360634963761,15
3,2025-26,away_last_5_goals_for,0.02336822104490767,16
3,2025-26,home_last_5_goals_for,0.02313903054978158,17
3,2025-26,home_venue_last_5_goals_against,0.0229656789826606,18
3,2025-26,away_rest_days,0.02217936932337937,19
3,2025-26,home_last_5_goals_against,0.021685028161064414,20
3,2025-26,home_last_5_points,0.020966238563057637,21
3,2025-26,home_rest_days,0.020382152531822184,22
3,2025-26,home_venue_last_5_points,0.01995762221687161,23
3,2025-26,away_last_5_goals_against,0.01978416810247464,24
3,2025-26,away_venue_last_5_points,0.01925225520046113,25
3,2025-26,away_last_5_points,0.018723870812862756,26
3,2025-26,away_venue_last_5_goals_for,0.01809204662906272,27
3,2025-26,home_last_5_wins,0.012822437886247255,28
3,2025-26,away_last_5_draws,0.011649630451987157,29
3,2025-26,home_last_5_losses,0.010430559713716467,30
3,2025-26,away_venue_last_5_losses,0.010428644435069927,31
3,2025-26,home_venue_last_5_losses,0.010367162634279344,32
3,2025-26,home_venue_last_5_draws,0.010292716938816608,33
3,2025-26,away_venue_last_5_draws,0.009734716455627247,34
3,2025-26,home_last_5_draws,0.009719873882604525,35
3,2025-26,home_venue_last_5_wins,0.009427294222524836,36
3,2025-26,away_last_5_wins,0.009360209290434063,37
3,2025-26,away_last_5_losses,0.008963393388934095,38
3,2025-26,away_venue_last_5_wins,0.008703942964630352,39
3,2025-26,home_venue_matches_available_last_5,0.00292141697826852,40
3,2025-26,away_venue_matches_available_last_5,0.0013494090785638282,41
3,2025-26,home_matches_available_last_5,0.0009248824215893768,42
3,2025-26,away_matches_available_last_5,0.0005662129736064451,43
